{
  "qa": {
    "system_type": "ensemble",
    "task": "qa",
    "num_samples": 2,
    "avg_inference_time": 4.4990551471710205,
    "metrics": {
      "rouge-l": 0.15384615384615385,
      "bertscore_f1": 0.8356689512729645
    }
  }
}