{"summarization": {"qwen": [{"features": [0.0436852028330519, 0.0436852028330519, 0.0436852028330519, 0.21842601416525947, 0.0436852028330519, 0.0436852028330519, 0.0436852028330519, 0.0436852028330519, 0.0436852028330519, 0.1747408113322076, 0.0436852028330519, 0.13105560849915568, 0.0436852028330519, 0.1747408113322076, 0.1747408113322076, 0.0436852028330519, 0.0436852028330519, 0.0873704056661038, 0.0436852028330519, 0.0436852028330519, 0.0436852028330519, 0.0873704056661038, 0.0436852028330519, 0.0436852028330519, 0.0436852028330519, 0.0873704056661038, 0.0436852028330519, 0.0436852028330519, 0.0436852028330519, 0.0436852028330519, 0.0436852028330519, 0.0436852028330519, 0.0873704056661038, 0.0436852028330519, 0.21842601416525947, 0.0873704056661038, 0.0873704056661038, 0.21842601416525947, 0.0873704056661038, 0.0873704056661038, 0.21842601416525947, 0.43685202833051895, 0.0873704056661038, 0.0436852028330519, 0.0436852028330519, 0.0436852028330519, 0.0436852028330519, 0.0436852028330519, 0.0436852028330519, 0.0436852028330519, 0.0873704056661038, 0.0436852028330519, 0.0436852028330519, 0.0436852028330519, 0.0873704056661038, 0.0436852028330519, 0.0436852028330519, 0.0436852028330519, 0.0436852028330519, 0.0436852028330519, 0.0436852028330519, 0.0873704056661038, 0.0436852028330519, 0.0436852028330519, 0.0436852028330519, 0.0436852028330519, 0.0436852028330519, 0.0436852028330519, 0.0436852028330519, 0.0436852028330519, 0.0436852028330519, 0.0436852028330519, 0.0436852028330519, 0.0436852028330519, 0.43685202833051895, 0.0873704056661038, 0.0436852028330519, 0.0873704056661038, 0.0436852028330519, 0.0436852028330519, 0.0873704056661038, 0.0436852028330519, 0.0873704056661038, 0.0436852028330519, 0.0436852028330519, 0.0436852028330519, 0.0436852028330519, 0.0873704056661038, 0.0436852028330519, 0.13105560849915568, 0.0436852028330519, 0.0436852028330519, 0.0436852028330519, 0.0436852028330519, 0.0873704056661038, 0.0436852028330519, 0.0436852028330519, 0.0436852028330519, 0.0436852028330519, 0.1747408113322076], "score": 0.5, "timestamp": 1746814569.5170171}, {"features": [0.09578262852211514, 0.0, 0.0, 0.0, 0.0, 0.0, 0.0, 0.0, 0.0, 0.0, 0.0, 0.0, 0.0, 0.0, 0.2873478855663454, 0.0, 0.09578262852211514, 0.0, 0.0, 0.0, 0.0, 0.09578262852211514, 0.0, 0.0, 0.0, 0.0, 0.19156525704423027, 0.0, 0.0, 0.0, 0.0, 0.0, 0.0, 0.0, 0.0, 0.0, 0.0, 0.0, 0.0, 0.0, 0.0, 0.0, 0.0, 0.0, 0.0, 0.0, 0.09578262852211514, 0.0, 0.0, 0.0, 0.0, 0.19156525704423027, 0.0, 0.0, 0.0, 0.09578262852211514, 0.0, 0.09578262852211514, 0.0, 0.0, 0.0, 0.0, 0.09578262852211514, 0.0, 0.0, 0.0, 0.0, 0.0, 0.0, 0.09578262852211514, 0.0, 0.0, 0.2873478855663454, 0.0, 0.0, 0.0, 0.7662610281769211, 0.0, 0.0, 0.0, 0.0, 0.0, 0.0, 0.0, 0.0, 0.0, 0.0, 0.0, 0.0, 0.0, 0.0, 0.0, 0.0, 0.0, 0.0, 0.0, 0.09578262852211514, 0.09578262852211514, 0.0, 0.2873478855663454], "score": 0.5, "timestamp": 1746814611.673944}, {"features": [0.0, 0.0, 0.0, 0.0, 0.0, 0.0, 0.0, 0.0, 0.2672612419124244, 0.0, 0.0, 0.0, 0.0, 0.0, 0.0, 0.0, 0.0, 0.0, 0.0, 0.0, 0.0, 0.0, 0.5345224838248488, 0.0, 0.0, 0.0, 0.5345224838248488, 0.0, 0.0, 0.0, 0.0, 0.0, 0.0, 0.0, 0.0, 0.0, 0.2672612419124244, 0.0, 0.0, 0.0, 0.0, 0.0, 0.0, 0.0, 0.0, 0.0, 0.0, 0.0, 0.0, 0.2672612419124244, 0.0, 0.0, 0.0, 0.0, 0.0, 0.0, 0.0, 0.0, 0.0, 0.0, 0.0, 0.2672612419124244, 0.0, 0.0, 0.0, 0.0, 0.0, 0.0, 0.0, 0.0, 0.0, 0.0, 0.0, 0.0, 0.0, 0.2672612419124244, 0.0, 0.0, 0.0, 0.0, 0.0, 0.0, 0.0, 0.0, 0.0, 0.0, 0.0, 0.0, 0.0, 0.0, 0.0, 0.0, 0.0, 0.2672612419124244, 0.0, 0.0, 0.0, 0.0, 0.0, 0.0], "score": 0.5, "timestamp": 1746814641.062708}, {"features": [0.0, 0.0, 0.0, 0.0, 0.0, 0.0, 0.1414213562373095, 0.0, 0.0, 0.0, 0.0, 0.0, 0.1414213562373095, 0.0, 0.07071067811865475, 0.0, 0.0, 0.0, 0.0, 0.0, 0.1414213562373095, 0.0, 0.0, 0.0, 0.0, 0.0, 0.21213203435596426, 0.0, 0.0, 0.0, 0.0, 0.0, 0.0, 0.0, 0.1414213562373095, 0.0, 0.0, 0.0, 0.07071067811865475, 0.0, 0.0, 0.0, 0.0, 0.0, 0.07071067811865475, 0.0, 0.07071067811865475, 0.0, 0.0, 0.0, 0.0, 0.0, 0.0, 0.0, 0.0, 0.07071067811865475, 0.0, 0.282842712474619, 0.0, 0.0, 0.0, 0.0, 0.0, 0.0, 0.0, 0.0, 0.0, 0.0, 0.0, 0.0, 0.0, 0.0, 0.0, 0.0, 0.0, 0.0, 0.7071067811865475, 0.0, 0.0, 0.0, 0.0, 0.0, 0.0, 0.0, 0.0, 0.0, 0.0, 0.1414213562373095, 0.0, 0.0, 0.0, 0.0, 0.0, 0.21213203435596426, 0.0, 0.0, 0.4242640687119285, 0.1414213562373095, 0.07071067811865475, 0.0], "score": 0.5, "timestamp": 1746814681.3098292}, {"features": [0.0, 0.0, 0.0, 0.0, 0.0, 0.0, 0.0, 0.0, 0.2672612419124244, 0.0, 0.0, 0.0, 0.0, 0.0, 0.0890870806374748, 0.0, 0.0, 0.0, 0.0, 0.0, 0.0, 0.1781741612749496, 0.0, 0.0, 0.0, 0.0, 0.0, 0.0, 0.0, 0.0, 0.0, 0.0, 0.0, 0.0, 0.2672612419124244, 0.0, 0.0, 0.0, 0.3563483225498992, 0.0, 0.0, 0.0890870806374748, 0.0, 0.0, 0.0, 0.0, 0.0, 0.0, 0.0, 0.0, 0.0, 0.0, 0.0, 0.0, 0.0, 0.0890870806374748, 0.0, 0.0, 0.0, 0.0, 0.0, 0.0, 0.2672612419124244, 0.0, 0.0, 0.0890870806374748, 0.0, 0.0, 0.0, 0.0, 0.0, 0.0, 0.0, 0.0890870806374748, 0.0, 0.0, 0.5345224838248488, 0.0, 0.5345224838248488, 0.0, 0.0, 0.0, 0.0, 0.0, 0.0, 0.0, 0.0, 0.0890870806374748, 0.0, 0.0, 0.0, 0.0, 0.0, 0.0, 0.0, 0.0, 0.0, 0.0, 0.0, 0.0890870806374748], "score": 0.5, "timestamp": 1746814730.114262}], "opt": [], "llama": []}, "qa": {"qwen": [], "opt": [], "llama": []}, "paraphrase": {"qwen": [], "opt": [], "llama": [{"features": [0.4472135954999579, 0.4472135954999579, 0.4472135954999579, 0.4472135954999579, 0.4472135954999579], "score": 0.5, "timestamp": 1746799131.817586}, {"features": [0.0, 0.0, 0.0, 0.0, 0.0], "score": 0.5, "timestamp": 1746799159.703962}, {"features": [0.0, 0.0, 0.0, 0.0, 0.0], "score": 0.5, "timestamp": 1746799196.107527}, {"features": [0.0, 0.0, 0.0, 0.0, 0.0], "score": 0.5, "timestamp": 1746799233.554385}, {"features": [0.0, 0.0, 0.0, 0.0, 0.0], "score": 0.5, "timestamp": 1746799269.047641}]}}